,author name,key
0,Diptodip Deb,homepages/218/6098
1,Shohei Sasaki,homepages/218/4872
2,Jingfan Meng,homepages/218/5254
3,Shufan Li,homepages/218/8196
4,Fu-Hua Kao,homepages/218/1656
5,Maurice Yé,homepages/218/4220
6,Kedar Dabhadkar,homepages/218/6500
7,Maitrey Mehta,homepages/218/5511
8,Ildo Jung,homepages/218/3557
9,Vijay Paidi,homepages/218/4681
10,Myung-Su Lee,homepages/218/3988
11,M. Nouman Khan,homepages/218/7500
12,Mariia Vasileva,homepages/218/5194
13,Grayson Schermerhorn,homepages/218/6384
14,Ali Reza Hejazi,homepages/218/5766
15,Duy-Kien Nguyen,homepages/218/5480
16,Mary Jo Pugh,homepages/218/2629
17,Kai Osawa,homepages/218/1857
18,Tim R. Davidson,homepages/218/6020
19,AmirHosein Sadeghimanesh,homepages/218/5313
20,Rina Patriana Chairiyani,homepages/218/9424
21,Youngjae Shim,homepages/218/3975
22,Alisa Alenicheva,homepages/218/9697
23,Guilherme F. Zabot,homepages/218/4885
24,Mathias Sirvent,homepages/218/0523
25,Alexey V. Bataev,homepages/218/1700
26,Manoochehr Nahvi,homepages/218/1927
27,Elena Eberhardt,homepages/218/6784
28,Ho Joon Yang,homepages/218/3783
29,Vasilis Serghi,homepages/218/4727
30,Nazli Kalantari,homepages/218/8966
31,Sivaraj Valappil,homepages/218/4670
32,Dendy Fransiskus,homepages/218/9382
33,Farhan Masud,homepages/218/5601
34,Damon Gwinn,homepages/218/4484
35,Shireen Tahira,homepages/218/6720
36,Eric Cameracci,homepages/218/6495
37,Samah Abd Elrahman,homepages/218/6446
38,Shan-Feng Chen,homepages/218/9443
39,Elena Emelianova,homepages/218/8375
40,Huanzhuo Wu,homepages/218/6343
41,Muhammad Shahzaib,homepages/218/6963
42,Inger Mechlenburg,homepages/218/9286
43,Batuhan Sayis,homepages/218/0698
44,Dilip Sharma,homepages/218/0421
45,Steffen Faik,homepages/218/2069
46,Stephen D. Sarre,homepages/218/4621
47,Andrew W. Vargo,homepages/218/8595
48,Cheng-Gang Li,homepages/218/6762
49,Whui Kim,homepages/218/3380
50,Kenya Bannaka,homepages/218/8648
51,Baodong Wang,homepages/218/3825
52,Guillaume Berger,homepages/218/5817
53,Falu Hong,homepages/218/8170
54,Austin Mccartney,homepages/218/8051
55,Sujatha Jagannath,homepages/218/1678
56,N. I. Didenko,homepages/218/1740
57,Yoshihiro Hoshino,homepages/218/2336
58,Joseph Mudare,homepages/218/2517
59,"Nobuyuki Ohigashi, Nobuyuki Ohhigashi",homepages/218/8495
60,Andrea Cruz,homepages/218/6909
61,Roghayyeh Haghvirdinezhad,homepages/218/5556
62,François Dubos,homepages/218/4321
63,Hettiarachchige Dona Nidhana Harshika,homepages/218/8673
64,Gregory Wilsenach,homepages/218/5249
65,Matteo Sirizzotti,homepages/218/4035
66,Mitsunori Imaoka,homepages/218/8598
67,Jianbing Tao,homepages/218/8166
68,Kautilya Chenna,homepages/218/5433
69,Christine Allen,homepages/218/1255
70,Stephen Pallardy,homepages/218/8030
71,Chieh-Yu Chang,homepages/218/6726
72,Cem Demiroglu,homepages/218/9888
73,Mengbo Sun,homepages/218/2079
74,Farhad Taheri,homepages/218/1131
75,Kristina Gligoric,homepages/218/5344
76,Norma Angelica Alvarez-Torres,homepages/218/5451
77,Bart de Wijs,homepages/218/1248
78,Tze-Jie Tan,homepages/218/7481
79,Alvi Md. Ishmam,homepages/218/7656
80,Sunwoo Nam,homepages/218/1610
81,Abel Groenewolt,homepages/218/9071
82,Fengyan Yang,homepages/218/0724
83,Timothy Zhang,homepages/218/6266
84,J. de Laborderie,homepages/218/6393
85,Takahiro Isokane,homepages/218/5783
86,Smita Paira,homepages/218/8690
87,Alexander S. McKay,homepages/218/0832
88,Cheol-Young Park,homepages/218/8386
89,Mohamed Seifeddine Azzabi,homepages/218/3874
90,Çaglar Uyulan,homepages/218/2810
91,DaeIg Chang,homepages/218/3637
92,Rusaila Bazlamit,homepages/218/3155
93,Yong-kyun Kim,homepages/218/3754
94,Jae-Il Han,homepages/218/3712
95,Greg Norman,homepages/218/9766
96,Loup-Noé Levy,homepages/218/7681
97,Jinxiang Song,homepages/218/8834
98,Sárka Stejskalová,homepages/218/9788
99,Drew Stone,homepages/218/6769
100,Jens K. Boldsen,homepages/218/9254
101,Noor Jabali,homepages/218/2940
102,Kemal Burç Ülengin,homepages/218/2821
103,Haonan Deng,homepages/218/5418
104,A. Saarangan,homepages/218/1602
105,Thaís Lima Corrêa,homepages/218/7384
106,Jeonghwa Jeong,homepages/218/3516
107,Mengnan Xiao,homepages/218/0422
108,Rita Lorusso,homepages/218/0174
109,Rae Lasko,homepages/218/8954
110,Patricia Gillen,homepages/218/3152
111,Ravidu Mallawa Arachchi,homepages/218/1760
112,Daniel Kwon,homepages/218/0390
113,Saeed Peyghami,homepages/218/2608
114,Deepak Gala,homepages/218/5497
115,Antônio Augusto Gonçalves,homepages/218/3034
116,Pedro Berjano,homepages/218/4269
117,Sara Callaioli,homepages/218/6553
118,Karthik Muthuraman,homepages/218/6631
119,Yiheng Jian,homepages/218/5046
120,Elena R. Loubenets,homepages/218/7100
121,Ian E. Fellows,homepages/218/6862
122,Tayler Pino,homepages/218/2210
123,Cláudio Pereira,homepages/218/2980
124,Mohamad Kadkhoda,homepages/218/6756
125,Kathleen Lehman,homepages/218/1972
126,Alexandru Aleman,homepages/218/6936
127,Josh Craven,homepages/218/6811
128,Philipp Hinkel,homepages/218/1285
129,Michel Daronat,homepages/218/0786
130,Dong-Jin Lee,homepages/218/8343
131,Nikolaos Begetis,homepages/218/3153
132,Xingchi Zhu,homepages/218/6031
133,Duncan Hay,homepages/218/0801
134,Bohyeong Kim,homepages/218/1427
135,Rishikeshan Rajendram,homepages/218/7335
136,Takayuki Hirai,homepages/218/0417
137,Hsin-Ling Hsieh,homepages/218/0545
138,Armands Kviesis,homepages/218/4834
139,Choi-Jung Pil,homepages/218/8310
140,Mohieddine Amine,homepages/218/5611
141,Renat Akzhigitov,homepages/218/6613
142,Janghyun Kim,homepages/218/7332
143,Christian Arnault,homepages/218/6387
144,Paulo Junior Silva Costa,homepages/218/8915
145,Achmad Ridok,homepages/218/6035
146,Joao B. de S. Neto,homepages/218/4085
147,Mackenzie W. Mathis,homepages/218/5502
148,"Jonathan Lommen, Jonathan M. Lommen",homepages/218/5362
149,Helena Knyazeva,homepages/218/4771
150,Shabana Begum,homepages/218/6965
151,Konstantin Golyaev,homepages/218/7158
152,Dhiraj Barnwal,homepages/218/5649
153,Gideon B. Luck,homepages/218/0012
154,Yuanxin Xiang,homepages/218/7464
155,Nam Uook Kim,homepages/218/8489
156,Jeom-Hun Lee,homepages/218/7851
157,A. Selmani,homepages/218/2202
158,S. B. Abhinaya,homepages/218/5367
159,Ronald Scheirer,homepages/218/8002
160,Tatjana Antic,homepages/218/9294
161,Olivier Kalmus,homepages/218/4399
162,Chunsheng Gao,homepages/218/7978
163,"Sahib Budhiraja, Sahib Singh Budhiraja",homepages/218/6594
164,GaYoung Kim,homepages/218/1745
165,Kaname Maruta,homepages/218/9627
166,Abhinav Pundir,homepages/218/0546
167,"Matthew Ruppert, Matthew M. Ruppert",homepages/218/5638
168,Yushuai Guan,homepages/218/5799
169,Richard F. Macko,homepages/218/4065
170,Jong-Hyeon Seon,homepages/218/4166
171,Stefan Skoruppa,homepages/218/9451
172,Robert Gebarowski,homepages/218/6880
173,Sandro Luís Freire de Castro Silva,homepages/218/3020
174,Anton Pechenko,homepages/218/5453
175,Yoko Hirashima,homepages/218/8676
176,Budi Tjahjono,homepages/218/3461
177,Harin Kim,homepages/218/1774
178,Rodrigo Hiroshi Murofushi,homepages/218/6885
179,Isabel Fernandes,homepages/218/4801
180,Yoonsu Hwang,homepages/218/3924
181,Petr Hruza,homepages/218/7988
182,Heather M. Sanders,homepages/218/8646
183,Mohsen Rafiee Sandgani,homepages/218/2606
184,Abhishek Abhishek,homepages/218/7171
185,Byeong Su Lee,homepages/218/4001
186,Jeong-Nye Kim,homepages/218/7685
187,Martin Bødker Enghoff,homepages/218/6298
188,Tobias Kahse,homepages/218/5213
189,Sihan Huang,homepages/218/6107
190,Hyeon Seok Yang,homepages/218/1494
191,Weizheng Xu,homepages/218/0730
192,Victor Pajuelo Madrigal,homepages/218/8008
193,Yulia Yulia,homepages/218/5605
194,Prasad Shirvalkar,homepages/218/4606
195,Won-young Yoo,homepages/218/3946
196,Stephen R. Turnock,homepages/218/6469
197,Edward D. Ramirez,homepages/218/5788
198,Yoshihiro Kukobo,homepages/218/8576
199,Alan Transon,homepages/218/3151
200,Saleem Zahid,homepages/218/2036
201,Kineret Segal,homepages/218/6847
202,You-Na Lee 0001,homepages/218/2033-1
203,Honglei Sun,homepages/218/7523
204,Hillary Sanders,homepages/218/6408
205,Elie Noumon Allini,homepages/218/1138
206,Xueliang Xi,homepages/218/1535
207,Tobias Frye,homepages/218/4569
208,Yoursif A-Rahim,homepages/218/9754
209,Byeong-Ok Kwak,homepages/218/8329
210,Ragesh Ramachandran,homepages/218/4186
211,Dinamar José Zanchet,homepages/218/0725
212,Maksumov Bakir,homepages/218/7912
213,Daniel Del Portal,homepages/218/5540
214,Cemile Diler Özdemir,homepages/218/4509
215,Jiwan Ghimire,homepages/218/3529
216,Andrea Gadotti,homepages/218/6805
217,Philipp M. Maier,homepages/218/6579
218,Siim-Toomas Marran,homepages/218/4858
219,Theodore Scaltsas,homepages/218/1899
220,Mihaela Kelemen,homepages/218/7491
221,JingPing Liu,homepages/218/6765
222,Wen-Ting Fan,homepages/218/9590
223,Juan Pedro Arias-Angulo,homepages/218/3259
224,Graciela Elida Beguerí,homepages/218/2029
225,Rai Pogo,homepages/218/3011
226,Jean-Luc Bardon,homepages/218/1624
227,Dazhi Cheng,homepages/218/5288
228,Guilherme Marcio Soares,homepages/218/8958
229,Samane Saravani-Aval,homepages/218/4209
230,Suda Kasikitsakunphon,homepages/218/7831
231,Francesc Castella,homepages/218/6970
232,Ramla Bensaci,homepages/218/2787
233,Kao-Chih Wu,homepages/218/8939
234,Sander Puts,homepages/218/4329
235,Naiwen Liang,homepages/218/4424
236,Vincent Fortuin,homepages/218/7489
237,Hitoshi Kamei,homepages/218/8765
238,Luc Tidy,homepages/218/1814
239,Riccardo Martellucci,homepages/218/8081
240,KiHong Choi,homepages/218/1504
241,Guillermo Garduño,homepages/218/5138
242,Weilang Wang,homepages/218/8937
243,Aashay Mittal,homepages/218/0644
244,Dongfeng Du,homepages/218/0589
245,Yohsuke Matsui,homepages/218/2267
246,Daniel Smolyak,homepages/218/0493
247,Takashi Kaneda,homepages/218/9267
248,Patrick M. Kellen,homepages/218/1275
249,Ali Kamankesh,homepages/218/7220
250,Aparna Vijaya,homepages/218/2521
251,Jiacen Zhang,homepages/218/6679
252,Somnoup Yos,homepages/218/4641
253,Atchara Tharnuraikun,homepages/218/3641
254,Jakob Geppert,homepages/218/5784
255,Angielimar Palta,homepages/218/5125
256,Cosimo Damiano Persia,homepages/218/5155
257,Cezar Cheng,homepages/218/2919
258,Juanxiu Tian,homepages/218/2625
259,Jooyoun Park,homepages/218/3650
260,Antonio Busson,homepages/218/6045
261,Florian Nelles,homepages/218/6804
262,Simon Latour,homepages/218/7211
263,M. M. Diaz,homepages/218/4102
264,Juwook Jang,homepages/218/3493
265,Sanem Yavuz,homepages/218/5066
266,Viktor Richert,homepages/218/6390
267,Zoltan Cseh,homepages/218/9316
268,Won Bin Park,homepages/218/3543
269,Alice Stanboli,homepages/218/6964
270,Nicholas Clements,homepages/218/0279
271,Tu Hwan Kim,homepages/218/3959
272,Travis Jensen,homepages/218/6321
273,Xinan Duan,homepages/218/1568
274,Jenn McArthur,homepages/218/9631
275,Teresa Hardee,homepages/218/9091
276,Nan Kyu Yang,homepages/218/8413
277,Charles Kwofie,homepages/218/8040
278,Nazli Demirer,homepages/218/5049
279,Yaxiang Zhou,homepages/218/2550
280,Ryotaro Imoto,homepages/218/8728
281,Kyeong Chae Jeong,homepages/218/3931
282,Mort Fels,homepages/218/4610
283,A. Yuzhakov,homepages/218/5425
284,Inshik Kang,homepages/218/6428
285,Amandine Ouvrard,homepages/218/0993
286,Hongtai Yang,homepages/218/6024
287,Asem Khattab,homepages/218/5958
288,Sharlene L. Gomes,homepages/218/7131
289,Alex Omid-Zohoor,homepages/218/9944
290,Muyang Qin,homepages/218/2190
291,Seita Kayukawa,homepages/218/0078
292,Asma Berriri,homepages/218/4710
293,Rusliansyah Anwar,homepages/218/9372
294,Zhuoyue Chen,homepages/218/0898
295,Haitham Khaled,homepages/218/1726
296,Yuejia Wu,homepages/218/1545
297,Sara Aristizabal,homepages/218/0690
298,Vaninha Almeida,homepages/218/4520
299,Jenny To,homepages/218/0541
300,Tzahi Taub,homepages/218/5414
301,Mehdi Sattari,homepages/218/5275
302,Neira Puizina-Ivic,homepages/218/1000
303,M. S. Hashemi,homepages/218/6724
304,Mathieu Plamondon,homepages/218/2545
305,Timothy S. Sanders,homepages/218/6744
306,"Adrian Bazaga, Adrián Bazaga",homepages/218/5717
307,Ajoy Kanti Das,homepages/218/9940
308,Chongzhe Zhang,homepages/218/2258
309,Jialin Jiang,homepages/218/2808
310,Kamil Kowalczyk 0001,homepages/218/5022-1
311,Ling-Yu Wang,homepages/218/0223
312,José Yaír Guzmán-Gaspar,homepages/218/9821
313,M. Tarek Shaban,homepages/218/5250
314,Jasper Ding,homepages/218/7426
315,Todd Laedtke,homepages/218/9238
316,Dodo Gunawan,homepages/218/8055
317,Lior Goldberg,homepages/218/4819
318,Yi-Chung Wang,homepages/218/8277
319,K. I. Mohammed,homepages/218/2452
320,Mary C. Enderson,homepages/218/8969
321,Yoo-Hyun Kim,homepages/218/7908
322,Juan Mariano Camarillo Naranjo,homepages/218/4647
323,Maxim Spur,homepages/218/3174
324,Ashutosh Bindal,homepages/218/0262
325,Jose L. Agosto-Rivera,homepages/218/9519
326,Jyung Chan Lee,homepages/218/8376
327,Maria F. Chan,homepages/218/1301
328,Nick A. Weaver,homepages/218/9281
329,Zhengping Shen,homepages/218/4935
330,W. Ronny Huang,homepages/218/5546
331,V. Nithin,homepages/218/8503
332,Petronela Buiga,homepages/218/2887
333,Roman Khudorozhkov,homepages/218/5201
334,Mansi Goel,homepages/218/8417
335,Elaine P. L. Scartezzini,homepages/218/3107
336,Tenshin Honda,homepages/218/3796
337,Karima Ennaoui,homepages/218/6896
338,Chiwei Xiao,homepages/218/0354
339,Minh Tuan Phi,homepages/218/9129
340,Longmei Shu,homepages/218/6695
341,Karolina Brylska,homepages/218/8516
342,Trent Wood,homepages/218/9706
343,Pierre-Antoine Ganaye,homepages/218/6829
344,Zed Ngoh,homepages/218/5827
345,Ishan Saxena,homepages/218/9889
346,Kenan Sun,homepages/218/9596
347,Hadjer Goumidi,homepages/218/2764
348,M. D. Mushfique,homepages/218/8823
349,Krishna Murthy Kattiyan Ramamoorthy,homepages/218/2736
350,Ji-San Won,homepages/218/7850
351,Tomoyuki Kakuta,homepages/218/8609
352,Ashvant S. U. Mahabir,homepages/218/4994
353,Rafia Ghoul,homepages/218/6342
354,MoonKoo Kim,homepages/218/7752
355,Ryan Bank,homepages/218/7378
356,Ti Zhang,homepages/218/9482
357,Florian Olbrich,homepages/218/6142
358,Turo Vartiainen,homepages/218/7608
359,Zhuojun Luo,homepages/218/8290
360,Valerie N. Livina,homepages/218/4362
361,Sahim Kourkouss,homepages/218/4651
362,Miroslav Skoula,homepages/218/4528
363,Young Woo Choi,homepages/218/3624
364,Alessandro R. C. Martins,homepages/218/4055
365,Sam Porritt,homepages/218/4653
366,A. Vijayaraj,homepages/218/2636
367,Wenqi Fan,homepages/218/7410
368,M. Subhi Sheikh Quroush,homepages/218/4776
369,Abolfazl Khalkhali,homepages/218/0335
370,Jesus Martel,homepages/218/2196
371,Athanasios Tsapras,homepages/218/2465
372,Shereen Omar,homepages/218/6827
373,"Kolli Reddy, Kolli Vishal Reddy",homepages/218/0735
374,C. A. Ghuge,homepages/218/6103
375,Mark G. Ball,homepages/218/3340
376,Kyoungyoung So,homepages/218/7436
377,Shih-Chun Liu,homepages/218/8972
378,Raj Derasari,homepages/218/5576
379,Nicklas Linder,homepages/218/1320
380,Jongmok Jeon,homepages/218/7684
381,Ryohei Tada,homepages/218/8447
382,Wonwoong Cho,homepages/218/5243
383,Huiru Shao,homepages/218/2090
384,Shahid Karim,homepages/218/6043
385,Selin Insel,homepages/218/0318
386,Yulia A. Dubolazova,homepages/218/1851
387,Bahar,homepages/218/3390
388,Iman Al-Kindi,homepages/218/3872
389,Renata Barbosa de Oliveira,homepages/218/5882
390,Mauricio Rosero,homepages/218/3016
391,Joana Branco Gomes,homepages/218/7671
392,Guanli Zhang,homepages/218/3117
393,Farnaz Behnia,homepages/218/1177
394,Sarah L. Rodriguez,homepages/218/2214
395,Yannik Stradmann,homepages/218/5859
396,Utkarsh Contractor,homepages/218/5435
397,Enze Xie,homepages/218/5441
398,Chun-De Chang,homepages/218/1838
399,Trevor Barron,homepages/218/5294
400,A. Arivudai Nambi,homepages/218/0242
401,Mostafa N. Sabry,homepages/218/9912
402,Gilbert Gonzales,homepages/218/2509
403,Ming-Chia Lin,homepages/218/9557
404,Changzhou Li,homepages/218/0903
405,Bowen She,homepages/218/5659
406,Matin Rahnamay Naeini,homepages/218/7336
407,Kamal Lamichhane,homepages/218/1143
408,Mostafa Noshy,homepages/218/6576
409,Shunsuke Negoro,homepages/218/3235
410,Hideki Kozuka,homepages/218/2292
411,Nobuaki Hirata,homepages/218/9018
412,Zoran Stojkovic,homepages/218/7876
413,Nadezda Buneeva,homepages/218/1352
414,Anwar Irmatov,homepages/218/6729
415,Thiago de Lima Mariano,homepages/218/4479
416,Glenn R. Doty,homepages/218/2446
417,Iuliana Camelia Stoenica,homepages/218/9066
418,Mohammad Nazmus Sakib,homepages/218/2572
419,Xiafei Hong,homepages/218/2827
420,Mehdi Khan,homepages/218/5982
421,Gihyeon Min,homepages/218/3633
422,Atieh Mahroo,homepages/218/7989
423,Chunchun Li,homepages/218/9528
424,Gary Schultz,homepages/218/4468
425,Vignesh Mahalingam Suresh,homepages/218/9682
426,Sunok Cho,homepages/218/1782
427,Lisa Handl,homepages/218/4215
428,Aleksi Sahala,homepages/218/7598
429,Emil Hallin,homepages/218/9555
430,Alexander Aponte-Moreno,homepages/218/3053
431,Marina A. Rebelo,homepages/218/4128
432,Niels Wiersma,homepages/218/4596
433,Hiroo Naitoh,homepages/218/8679
434,Kuo-You Peng,homepages/218/1217
435,Seungtag Kwon,homepages/218/3941
436,Won Pil Kim,homepages/218/1077
437,Michael D. Smith 0006,homepages/218/0942
438,Iara Tammela,homepages/218/7199
439,John Torous,homepages/218/0732
440,S. Jamuna Devi,homepages/218/9199
441,Y. Koo,homepages/218/1862
442,Alejandro Santoyo-González,homepages/218/4177
443,Peter Kundzicz,homepages/218/5341
444,E. Abdul Jaleel,homepages/218/5042
445,Rafael Martins,homepages/218/7590
446,Soumya Samirana,homepages/218/9636
447,Dao-Yu Wang,homepages/218/7418
448,Mingxin Chu,homepages/218/2852
449,Miho Imazaki,homepages/218/8558
450,Lisa Govasli Nilsen,homepages/218/0371
451,Donald D. Deshler,homepages/218/2642
452,Rui Miguel Dos Santos Patornilho,homepages/218/4856
453,Rashmi Sahay,homepages/218/9632
454,Chansung Park,homepages/218/3486
455,Austino-Davis Daniel,homepages/218/8001
456,Sebastian Schams,homepages/218/0756
457,Nikita Semenov,homepages/218/6368
458,Bokyung Seo,homepages/218/1666
459,Giulia Ballardini,homepages/218/9239
460,Wei Pin Koo,homepages/218/2344
461,Ali Dalir,homepages/218/5286
462,Salma Naccache,homepages/218/7347
463,Sin-Fu Lai,homepages/218/3581
464,Yingzhe Jiang,homepages/218/8430
465,Ian Blood,homepages/218/5068
466,Victoria Sosik,homepages/218/0383
467,Carolina Soares de Morais,homepages/218/7079
468,Ondrej Cífka,homepages/218/6319
469,Mohd Norfadzly Bin Mohd Noor,homepages/218/8362
470,Manoj Duraisingh,homepages/218/5633
471,Armaan Shah,homepages/218/0252
472,Daniel A. Jensen,homepages/218/0209
473,Tianjiao Yun,homepages/218/0695
474,Satoshi Toriumi,homepages/218/1462
475,Enrique Cueva,homepages/218/2952
476,Nelly Oliver,homepages/218/2575
477,Cornelia Ilie,homepages/218/3685
478,Adrián Núñez-Marcos,homepages/218/5951
479,"Adriana Marcinkowska-Ochtyra, Adriana Ochtyra",homepages/218/8187
480,Oscar G. Paredes C.,homepages/218/4931
481,S. V. Kulik,homepages/218/1754
482,Andrew Neff,homepages/218/9582
483,Gunter Pauli,homepages/218/8627
484,Bandhav Veluri,homepages/218/2541
485,Shaik Asifullah,homepages/218/8641
486,Nil Ratan Sahoo,homepages/218/0924
487,Reijo Nikkilä,homepages/218/7614
488,Michele Simili,homepages/218/3096
489,Josef Weinzierl,homepages/218/1196
490,Hubin Feng,homepages/218/2630
491,"Luis A. M. Riascos, Luis Alberto Martínez Riascos",homepages/218/2326
492,Marco Antonio Assis,homepages/218/3127
493,Alex Guenther,homepages/218/8173
494,Bong Seok Yoo,homepages/218/3626
495,Pradeep Sahoo,homepages/218/0170
496,Roberto Furukawa,homepages/218/4051
497,Jonathan Rojas Simón,homepages/218/1963
498,Almudena Curbelo Montañez,homepages/218/5416
499,Sara M. Mantila,homepages/218/0914
500,Harley T. Johnson,homepages/218/2222
501,Parikh Jain,homepages/218/8726
502,Jan Malte Lichtenberg,homepages/218/9778
503,Michael P. Hasak,homepages/218/1367
504,Youngho Han,homepages/218/1573
505,Simone Conforti,homepages/218/5588
506,George Meng,homepages/218/4444
507,Sander Lindeman,homepages/218/1211
508,Louise F. Gunderson,homepages/218/2289
509,Pingqing Wang,homepages/218/2831
510,James Robson,homepages/218/4790
511,Uzaif Sharif,homepages/218/2774
512,Guanyu Cai,homepages/218/6201
513,Nigel T. Roulet,homepages/218/8195
514,Federico E. Turheimer,homepages/218/9301
515,Torsti Hyyryläinen,homepages/218/7613
516,Daniel Naro,homepages/218/4335
517,Marcos Antonio Durães Dourado,homepages/218/4767
518,A. Sayyed,homepages/218/8325
519,Xun Jin Ng,homepages/218/4261
520,Shingo Nakajima,homepages/218/1833
521,Xiang You,homepages/218/3225
522,Grigorios Proiskos,homepages/218/2755
523,Harsh Satija,homepages/218/5620
524,Lisbet Brandi,homepages/218/4462
525,Jeff Brewer,homepages/218/0652
526,Yoon-Kee Hong,homepages/218/3444
527,Prasanna Raut,homepages/218/8766
528,S. Morishita,homepages/218/0970
529,Urban Bitenc,homepages/218/5695
530,Ali Shtarbanov,homepages/218/0023
531,Rafath Samrin,homepages/218/6480
532,Lucas Felipe Kunze,homepages/218/4746
533,Norifumi Murai,homepages/218/3502
534,Zhongyu Ma,homepages/218/9480
535,Yingjia Lemon Guo,homepages/218/2000
536,Edgardo Yescas Mendoza,homepages/218/3226
537,Denise Linn Riedl,homepages/218/0178
538,"Joao H. Neme, Joao Henrique Neme, Joao Henrique Z. Neme",homepages/218/8990
539,Huasong Meng,homepages/218/5770
540,Md. Tayeb Himel,homepages/218/3405
541,Som Pal Choudhury,homepages/218/7895
542,Navid Balazadeh Meresht,homepages/218/7425
543,A. Pacurucu-Pacurucu,homepages/218/3206
544,Sueng Yong Park,homepages/218/4006
545,Natalie V. Covington,homepages/218/5787
546,Rodney Gush,homepages/218/2485
547,Ricardo Martins Alves,homepages/218/9209
548,Michael Edelstein,homepages/218/0298
549,Guangfu Zeng,homepages/218/4011
550,Miles W. Weaver,homepages/218/7407
551,Pramod Lakshman,homepages/218/4866
552,Tieming Geng,homepages/218/0502
553,Jonathan Aliponga,homepages/218/8499
554,Yeduri Sreenivasa Reddy,homepages/218/8714
555,Leopoldo Macias,homepages/218/2330
556,Raymond S. Macatangga,homepages/218/8314
557,Nanmu Hui,homepages/218/2048
558,Mohammad Imam Utoyo,homepages/218/8147
559,Erika Giselle Gutierrez,homepages/218/2984
560,Iuri Albandes Cunha Gomes,homepages/218/3108
561,Haoran Han,homepages/218/2097
562,Thomas Schildknecht,homepages/218/5750
563,Schwartz Liam,homepages/218/8545
564,Holger H. Robberg,homepages/218/9339
565,Laura Doval,homepages/218/5912
566,Jordan Young,homepages/218/3169
567,Zhenya Shao,homepages/218/2444
568,Katrin Gross-Paju,homepages/218/9687
569,D. Schröer,homepages/218/6759
570,Su Ah Han,homepages/218/0248
571,Jack Wheatley,homepages/218/5922
572,Xinxin You,homepages/218/7012
573,N. Tsaousis,homepages/218/9278
574,Oscar Lindvall Bulancea,homepages/218/5525
575,Anupam Sobti,homepages/218/9523
576,Josef Goppold,homepages/218/6427
577,Elias Moons,homepages/218/0878
578,Nicole Rankin,homepages/218/4235
579,Masaru Todoriki,homepages/218/7135
580,Yoko Takashima,homepages/218/8480
581,Xitong Jia,homepages/218/6139
582,Jae-Hwan Jin,homepages/218/3693
583,Xavier Bodin,homepages/218/8156
584,Satoshi Ohashi,homepages/218/1306
585,M. Rashid Karim,homepages/218/1957
586,Chen-Hao Chiu,homepages/218/7274
587,Shichao Ai,homepages/218/8916
588,Xiao-Fei Cai,homepages/218/7145
589,Ilias Chatzakis,homepages/218/0153
590,Jindong Bian,homepages/218/4740
591,Julien P. M. Duthé,homepages/218/1400
592,Anne Katrine Skjølstrup Toftdahl,homepages/218/4213
593,Maria Alejandra Torres-Cuello,homepages/218/7282
594,César A. Naranjo,homepages/218/2949
595,Wok Seok Choi,homepages/218/3956
596,Kojiro Matsuo,homepages/218/8796
597,Liangliang Xin,homepages/218/4974
598,Parin Meechoosup,homepages/218/7818
599,Suzie Drummond,homepages/218/9419
600,Cesar L. Garzon,homepages/218/4033
601,Steve Z. Kassakian,homepages/218/2587
602,Mengsi Xiong,homepages/218/7506
603,Hazel Si Min Lim,homepages/218/6344
604,Seung-Oh Yoo,homepages/218/7902
605,Steven Gardner,homepages/218/6314
606,Neal Yancey,homepages/218/9330
607,Sven van den Beukel,homepages/218/4153
608,Jana Sverdljuk,homepages/218/7607
609,Arnaud Vestier,homepages/218/7114
610,Santa Pandit,homepages/218/8183
611,Dongho Seo,homepages/218/3506
612,Ansh Rupani,homepages/218/1181
613,Tomoki Nitta,homepages/218/3210
614,Teresa Hirzle,homepages/218/0274
615,S. B. Prashant,homepages/218/8475
616,Julio Ariel Hurtado,homepages/218/5107
617,Bobby Rose,homepages/218/0244
618,Helma Zecena,homepages/218/2905
619,Andrew Melnik,homepages/218/5571
620,Mahmood Abedi,homepages/218/9261
621,Phill Conrad,homepages/218/2031
622,Keisuke Ogura,homepages/218/1554
623,A. Thamrongmas,homepages/218/4113
624,Tim Bancroft,homepages/218/2287
625,Gregory Wehner,homepages/218/6629
626,Jayesh M. Dhodiya,homepages/218/5056
627,Janet E. Rogers,homepages/218/4015
628,Rebecca Mullin,homepages/218/0812
629,Murilo R. Cândido,homepages/218/9929
630,Yin Yi Lui,homepages/218/9038
631,Vincenzo Cioffi,homepages/218/2944
632,R. J. Mohammed,homepages/218/5509
633,Jason O'Neill,homepages/218/0512
634,Sally Vail,homepages/218/9450
635,Wojciech Brzozowski,homepages/218/8600
636,Andreas Papoutsakis,homepages/218/6727
637,Imad Badi,homepages/218/2112
638,Heejo Keum,homepages/218/4722
639,Michael Vaichenker,homepages/218/0250
640,Shanhu Li,homepages/218/8959
641,Rickard Böö,homepages/218/0087
642,Olívia Pestana,homepages/218/4348
643,"Mishal Assif, Mishal Assif P. K.",homepages/218/5358
644,Erin Bardar,homepages/218/0402
645,Philip Bao,homepages/218/0482
646,Michelle Feltz,homepages/218/8090
647,Helmut Ritsch,homepages/218/2161
648,Adair Kovac,homepages/218/5606
649,Xiangyang Peng,homepages/218/8085
650,Kris Vasudevan,homepages/218/5456
651,Aki Salo,homepages/218/9622
652,Qirui Xia,homepages/218/3363
653,Jørgen Blindheim,homepages/218/0796
654,Robert Turcott,homepages/218/0330
655,Noel El Khazen,homepages/218/4143
656,Nabil Yassine,homepages/218/5740
657,Daniel Murdiyarso,homepages/218/8161
658,Enaam Alotabi,homepages/218/4920
659,Hermann Achidi Ndofor,homepages/218/2017
660,David A. Paul,homepages/218/6308
661,Brady J. McKee,homepages/218/5444
662,Nicolás Bravo,homepages/218/0819
663,Ingrid Schubert,homepages/218/4328
664,Ming-Shiung Chuang,homepages/218/9476
665,Sanford Schwartz,homepages/218/2482
666,Johan Mes,homepages/218/1215
667,Su Chang Chae,homepages/218/3976
668,Yun-Hee Son,homepages/218/1692
669,Raquel Pérez-Arnal,homepages/218/6438
670,K. Boos,homepages/218/4609
671,Dantian Yu,homepages/218/0859
672,"Fan-Bei Kong, Fanbei Kong",homepages/218/1962
673,Raghisa Khalid,homepages/218/6461
674,Donald A. Saucier,homepages/218/0204
675,Hsiao-Chang Yen,homepages/218/3709
676,C. Fahnemann,homepages/218/3221
677,Ka Hyun Lee,homepages/218/0117
678,Artis Rozentals,homepages/218/3837
679,Anant Das,homepages/218/1950
680,Zelalem Hailu Gebeyehu,homepages/218/5984
681,Andrew W. Colman,homepages/218/9991
682,Andreas Kirmse,homepages/218/4758
683,Paul-Michael Dekker,homepages/218/9952
684,Alexandra Skripchenko,homepages/218/6017
685,Jim Crosswhite,homepages/218/1904
686,Mahmoud Hashem,homepages/218/5437
687,Mark Hummeluhr,homepages/218/4387
688,Jan Vælds,homepages/218/4463
689,Toshiaki Ebe,homepages/218/2236
690,Sang-Rok Moon,homepages/218/3596
691,Yueting Zhuang,homepages/218/7793
692,Per Fallgren,homepages/218/7612
693,Uros Rakita,homepages/218/7453
694,Manyoung Jung,homepages/218/3448
695,Naima Carter-Monroe,homepages/218/0941
696,Megan M. Willi,homepages/218/6001
697,Muhammad Hamza Akhlaq,homepages/218/9551
698,Jongsoek Choi,homepages/218/1801
699,Sherlyê Francisco de Carvalho,homepages/218/4923
700,Dan-Dan Hu,homepages/218/9619
701,G. A. Cook,homepages/218/9394
702,Xiaoyun Huang,homepages/218/0397
703,Tomofumi Sato,homepages/218/3209
704,Thanh Cong Phan,homepages/218/2213
705,Emmanouil Panagiotakis,homepages/218/5024
706,Augusto Moro,homepages/218/4929
707,Tamara Lotan,homepages/218/1017
708,Alexander V. Bobovich,homepages/218/5794
709,Gwihan Ko,homepages/218/9022
710,Bryan Hubbell,homepages/218/7150
711,Juan Antonio Alfonso Gutiérrez,homepages/218/4672
712,Using Spreadsheets,homepages/218/3523
713,Seungwon Cheung,homepages/218/3991
714,Dariusz Biernat,homepages/218/8561
715,Salih Berk Dinçer,homepages/218/0494
716,Maxime Leblanc-Latour,homepages/218/9237
717,Myoung-Won Jung,homepages/218/3950
718,Jeongsik Lee,homepages/218/9969
719,Alejandro Flores-Lamas,homepages/218/9112
720,Zeren D. Yenice,homepages/218/5988
721,Zishan Ahmad,homepages/218/7361
722,Susan C. Anyosa,homepages/218/0806
723,Mohammed Shafiqul Mannan,homepages/218/2417
724,Hsin-Yu Pai,homepages/218/4906
725,Nima Hajebi,homepages/218/1043
726,Pranav Mamidanna,homepages/218/5281
727,Varun Shah,homepages/218/4875
728,Hang-Gon Kim,homepages/218/2366
729,Marreddy Ambati,homepages/218/6586
730,Claudio R. Castro-Lopez,homepages/218/5092
731,Khemmanant Khamthong,homepages/218/3336
732,Alejandro Jurnet,homepages/218/7880
733,Despoina Petsani,homepages/218/7787
734,B. Bouchikhi,homepages/218/2141
735,Shin-Jung Kang,homepages/218/7907
736,Daoqian Zhu,homepages/218/1190
737,Mingxuan Dou,homepages/218/5021
738,Robert McBane,homepages/218/0003
739,Samuel J. Taylor,homepages/218/7343
740,Jen-Hang Yang,homepages/218/9841
741,Jennifer M. Lloyd,homepages/218/7116
742,Pierluigi Nichilo,homepages/218/4139
743,Le Moine,homepages/218/3185
744,Sanguk Park,homepages/218/1839
745,Eugenio Giannelli,homepages/218/6946
746,Sol Jeon,homepages/218/1686
747,"Emile F. Doungmo Goufo, Emile-Franc Doungmo Goufo",homepages/218/6164
748,Youngpyo Hong,homepages/218/3923
749,Brittany N. Neilson,homepages/218/4506
750,Somayya Madakam,homepages/218/4204
751,Aswath Suresh,homepages/218/4151
752,Christoph Walz,homepages/218/6560
753,Lealem Mulugeta,homepages/218/9242
754,Xueqi Yuan,homepages/218/3737
755,Katherine L. Plant,homepages/218/8927
756,Aladin Milutinovic,homepages/218/9748
757,Eduardo de Leon,homepages/218/5153
758,Fuwu Tang,homepages/218/6705
759,Yuancheng Yu,homepages/218/6704
760,W. J. Byun,homepages/218/3597
761,Elodie Fontugne,homepages/218/0736
762,Lizhe Tan,homepages/218/1638
763,Ruirui Huang,homepages/218/8828
764,David Hume,homepages/218/6638
765,Bo-Yu Zhou,homepages/218/9350
766,Guillaume Le Ray,homepages/218/2677
767,T. Sono,homepages/218/4123
768,David E. Peacock,homepages/218/8608
769,Shoham Choshen-Hillel,homepages/218/9831
770,José M. Torres,homepages/218/2928
771,Kristin Borradaile,homepages/218/9726
772,B. Vamshi,homepages/218/9695
773,Gabriel Acevedo-Bolton,homepages/218/1356
774,Javad Zendehdel,homepages/218/5043
775,Andrew Gritsevskiy,homepages/218/5829
776,Edward Mitacc-Meza,homepages/218/3084
777,Dmitry Naumov,homepages/218/6141
778,Jasper Zhang,homepages/218/9728
779,Anjan K. Nandi,homepages/218/6110
780,Ruben Faccini,homepages/218/0294
781,Nidhi Purohit,homepages/218/6907
782,Keiko Kasakawa,homepages/218/9321
783,James H. Bradley,homepages/218/9847
784,Ethan Kenwrick,homepages/218/0332
785,Sanam Ayub,homepages/218/2848
786,Vincenzo Molinari,homepages/218/7405
787,Chong Yeh Sai,homepages/218/9815
788,Yueping Du,homepages/218/2824
789,Joshua Li Shi,homepages/218/0426
790,Eugenio P. Dawis,homepages/218/2286
791,Manuel Navarrete-Hidalgo,homepages/218/4845
792,Hening Pram Pradityo,homepages/218/3481
793,Caroline Overgoor,homepages/218/0793
794,Marios Michaelides,homepages/218/7553
795,Haoqiang Si,homepages/218/5057
796,Karen Roa-Tort,homepages/218/3287
797,Farhana Ahmed,homepages/218/9049
798,Eugenio Saraceno,homepages/218/9043
799,Nordaliela Mohd. Rusli,homepages/218/3375
800,Dong Woo Son,homepages/218/8638
801,"Nikos Athanasiou, Athanasiou Nikolaos",homepages/218/6714
802,Marika Kawamoto,homepages/218/8424
803,Anca A. Telembeci,homepages/218/9907
804,Dorota Ackermann-Szulgit,homepages/218/0201
805,Roland Vincze,homepages/218/6527
806,Roland List,homepages/218/8922
807,Cristofer Zdepski,homepages/218/4477
808,Ranjith Rochan Meganathan,homepages/218/1765
809,Alina G. Meresescu,homepages/218/4619
810,Robson R. de Araujo,homepages/218/7159
811,Seung Il Myong,homepages/218/8328
812,Katja Rillich,homepages/218/8222
813,Hye-Yeun Chun,homepages/218/4182
814,Ya-Qin Xie,homepages/218/0650
815,Amit Kumar Karna,homepages/218/3667
816,Jiejie Zhang,homepages/218/3332
817,Yuxin Fan,homepages/218/3103
818,R. R. Pandey,homepages/218/1152
819,Vincent Hyland,homepages/218/3177
820,Domenico Guida,homepages/218/4969
821,Xinchun Wu,homepages/218/0783
822,Amir Negahdari,homepages/218/9204
823,Daisy Dahiya,homepages/218/8202
824,Andrei Ciupan,homepages/218/6090
825,Christopher A. George,homepages/218/6548
826,Onno van der Galiën,homepages/218/4370
827,Gen Gu,homepages/218/6429
828,Stefania Kouzeli,homepages/218/0852
829,Mansoor Ali Shah,homepages/218/8299
830,Masaya Ikeo,homepages/218/1581
831,Sindhu Nagaraja,homepages/218/6787
832,Onalenna J. Makhura,homepages/218/1434
833,Sarita Rosenstock,homepages/218/4876
834,Abdul Rahim Ansari,homepages/218/9485
835,Marco Fabrizi,homepages/218/0386
836,E. Moreno-Garcia,homepages/218/3288
837,Hyuncheol Kang,homepages/218/3404
838,Mengting Shi,homepages/218/7307
839,Hooi Hooi Lean,homepages/218/3339
840,Xinning Yu,homepages/218/7330
841,Julien Peloton,homepages/218/6691
842,"Hitkul Jangid, Hitkul",homepages/218/0564
843,Kai Toyama,homepages/218/8770
844,Xu-hua Yuan,homepages/218/4673
845,Gabriel Gastaminza,homepages/218/9826
846,Joon-Ki Lee,homepages/218/3649
847,Alexander Brenner,homepages/218/4217
848,Monika Walerzak,homepages/218/4333
849,Hajime Nada,homepages/218/6246
850,Kyosuke Nagai,homepages/218/9348
851,Mohammed Al Haek,homepages/218/1952
852,Abhishek Poddar,homepages/218/4896
853,Stephanie Cheng Smith,homepages/218/2040
854,Ping-Chen Tsai,homepages/218/1569
855,Chang Hyung Kim,homepages/218/1465
856,S. L. Arun,homepages/218/8198
857,David Jegouso,homepages/218/5894
858,Trinh Duy Khue,homepages/218/3578
859,P. Y. O'Shaughnessy,homepages/218/2186
860,Satish Chandra 0006,homepages/218/5884
861,Zhong-Yi Feng,homepages/218/9570
862,Varun Nayak,homepages/218/5231
863,Yeonwoo Nam,homepages/218/3703
864,Edwin Lesmana Tjiong,homepages/218/1369
865,Yu-Yeh Chen,homepages/218/9491
866,Julian Gründner,homepages/218/4386
867,Josef Dolejs,homepages/218/4968
868,Krittaphat Pugdeethosapol,homepages/218/5273
869,Bunyamin Sarigul,homepages/218/4326
870,Yalla Tirumala Rao,homepages/218/9189
871,Susnata Mondal,homepages/218/5587
872,P. Davey,homepages/218/1448
873,Kevin Acres,homepages/218/9692
874,Zhenyao Qian,homepages/218/7518
875,Johanna Barbier,homepages/218/3158
876,Prithwiraj Das,homepages/218/4642
877,Nancy Shipley,homepages/218/3037
878,Sultan Almujaiwel,homepages/218/8274
879,Björn Fischer,homepages/218/9320
880,Marcin S. Szykulski,homepages/218/8637
881,Marta Spranzi,homepages/218/1909
882,Jaha Mvulla,homepages/218/3790
883,Diego Yanacón-Atía,homepages/218/5113
884,Steve Berube,homepages/218/6932
885,Ather Akhlaq,homepages/218/0401
886,Robinson Cortes-Huerto,homepages/218/7026
887,Ahthasham Sajid,homepages/218/9436
888,Supriya Mathew,homepages/218/7212
889,Murali Ravuri,homepages/218/5626
890,Po-Kai Liao,homepages/218/9534
891,Sota Matsuura,homepages/218/3671
892,S. Srikrishnan,homepages/218/2355
893,Cunbao Deng,homepages/218/5039
894,Mohammed Viquar,homepages/218/5983
895,Fadoua Hadri,homepages/218/4910
896,Andrea Angelini,homepages/218/3138
897,Muhammad Shoaib Shoukat,homepages/218/9553
898,Luong Xuan Thang,homepages/218/1710
899,Jeferson B. da Costa,homepages/218/1654
900,Ben Quinton,homepages/218/7485
901,Hiroto Kizuna,homepages/218/3224
902,Marco Vale,homepages/218/2996
903,Alpon Sepriando,homepages/218/8027
904,A. K. Narayanan,homepages/218/0974
905,Danielle Le Quilleuc,homepages/218/4407
906,Daniel Cervantes-Vázquez,homepages/218/7402
907,Shunsuke Tsurumi,homepages/218/1831
908,Y. G. Liu,homepages/218/8436
909,Timothée Theveneaux-Pelzer,homepages/218/2198
910,Sheikh Shams Azam,homepages/218/6739
911,Artur Pedroso,homepages/218/7894
912,Linqing Huang,homepages/218/7401
913,Feiyang Kang,homepages/218/1175
914,Brenda Zeimet,homepages/218/9021
915,Mikio Fujito,homepages/218/8759
916,Seyyed Ahmad Hosseini,homepages/218/7745
917,Ilona Bednarek,homepages/218/4422
918,Mehul D. Shroff,homepages/218/5038
919,Philipp Weihs,homepages/218/7674
920,Vasile Popescu,homepages/218/9368
921,Ahmed Farhat,homepages/218/2814
922,Gabriele Bammer,homepages/218/7130
923,Fatih Soykan,homepages/218/8254
924,Stefano Morra,homepages/218/7007
925,Anand Laddha,homepages/218/8874
926,Alireza Banaye Yazdipour,homepages/218/4327
927,Niravkumar Pandey,homepages/218/5239
928,Ange Ouya,homepages/218/1247
929,Sean P. Morrisey,homepages/218/1038
930,Thrivikrama,homepages/218/7765
931,Eunjoon Rhee,homepages/218/3450
932,Todd B. Seto,homepages/218/2480
933,A. P. Arif Ali,homepages/218/1214
934,Andrew Tomas,homepages/218/8038
935,Gustavo Pineiro-Villaverde,homepages/218/2925
936,Daniel Zeis,homepages/218/4356
937,Givi Meishvili,homepages/218/5405
938,Lukasz Moskwa,homepages/218/0109
939,Christian Laux,homepages/218/9895
940,Zhong Ning,homepages/218/6095
941,Yehuda Rudin,homepages/218/1145
942,Katie Shamash,homepages/218/6870
943,Mohammad Reza Yousufi,homepages/218/5973
944,Manuel Namici,homepages/218/5521
945,Heather E. Dawes,homepages/218/4928
946,Leandro Pulgatti,homepages/218/4593
947,Chaorui Deng,homepages/218/7471
948,Abdul Quadir Muhammed,homepages/218/2520
949,Eric Smouha,homepages/218/0362
950,Su Hnin Wut Yi,homepages/218/8529
951,Laura Domenicucci,homepages/218/0657
952,Denny H. Jong,homepages/218/4081
953,Ju Won Kim,homepages/218/3974
954,Max J. Friese,homepages/218/5826
955,Prasanthi Buddiga,homepages/218/8640
956,Shu-Kai Jheng,homepages/218/9789
957,Harun Makandi,homepages/218/8175
958,Sebastian Reichelt,homepages/218/8695
959,Eman S. Al-Sheikh,homepages/218/0797
960,Jian-Xia Xie,homepages/218/8368
961,Vern Jensen,homepages/218/1298
962,Hunyoung Park,homepages/218/7897
963,Joao N. H. da Rosa,homepages/218/9046
964,Huichen Jiang,homepages/218/7388
965,Sung-Jo Han,homepages/218/8349
966,Bojun Kwon,homepages/218/9302
967,Yo-Chul Ho,homepages/218/6326
968,Norikazu Kitamura,homepages/218/0929
969,Xi-zheng Ke,homepages/218/2665
970,Daeyeon Lee,homepages/218/3437
971,M. Baghdadchi,homepages/218/2288
972,Agnieszka Rossa,homepages/218/4683
973,Bella Tsachidou,homepages/218/8032
974,Rod Hwang,homepages/218/3897
975,Alina Maciejewska,homepages/218/4924
976,Jennifer Cobbe,homepages/218/6371
977,Hernan Tenorio Carpio,homepages/218/3283
978,Manuel Ostermeier,homepages/218/7486
979,Anne Michel,homepages/218/2453
980,Patrick Cusatis,homepages/218/7450
981,Sarra Berraies,homepages/218/8911
982,Wilfredo Torres,homepages/218/6678
983,Clement Roux,homepages/218/8172
984,Saad Azmeen Ur Rahman,homepages/218/8840
985,Kim Lindberg Schwaner,homepages/218/5969
986,Zhikai Yao,homepages/218/8260
987,Victor M. Carrillo-Saucedo,homepages/218/8285
988,V. Jamoye,homepages/218/0080
989,Shashi Raj Pandey,homepages/218/1715
990,Valentina Di Iorio,homepages/218/0857
991,Emeka Ndaguba,homepages/218/0019
992,Ayhan Özdemir,homepages/218/8265
993,Judith Qualters,homepages/218/5595
994,Shutong Tse,homepages/218/0968
995,Emilie Poirion,homepages/218/5755
996,Yaojia Tan,homepages/218/3692
997,Pedro E. Rivas P.,homepages/218/5541
998,Mohammad Mehdi Haji-Esmaeili,homepages/218/9147
999,"Akinwale Fadamiro, Akinwale Oluwaseyi Fadamiro",homepages/218/6138
1000,Yang Heng Lee,homepages/218/6032
1001,Christian Meerpohl,homepages/218/6422
1002,Soichiro Aihara,homepages/218/8464
1003,Eman Ali,homepages/218/3089
1004,Arnaud Ricci,homepages/218/4298
1005,Sarah Griffioen,homepages/218/5526
1006,Aimore Resende Riquetti Dutra,homepages/218/6556
1007,Filip Josheski,homepages/218/7260
1008,Iker Beñaran-Muñoz,homepages/218/5825
1009,Mostefa Zafer,homepages/218/2771
1010,Natalya S. Kostyukova,homepages/218/5394
1011,Connie Moon Sehat,homepages/218/0468
1012,Guanhao Feng,homepages/218/5824
1013,Eduardo H. D. Fittipaldi,homepages/218/2429
1014,William Snyder,homepages/218/6406
1015,Ioannis Germanakis,homepages/218/0559
1016,T. Sai Seetharamaiah,homepages/218/8684
1017,Mohammad Ali Rostami,homepages/218/0347
1018,Osmud Rahman,homepages/218/5853
1019,Andrew Hopkinson,homepages/218/5858
1020,J. O. Berger,homepages/218/7622
1021,Kuo-Chu Wu,homepages/218/9560
1022,Avery Laird,homepages/218/5548
1023,Mikko Mantyneva,homepages/218/7904
1024,Susan J. Sierra,homepages/218/7544
1025,Deepthi Mary Dilip,homepages/218/6299
1026,Tatsuo Matsuura,homepages/218/8522
1027,Mohammed Zunaid Hasan,homepages/218/7881
1028,Ibrahim Khalilullah,homepages/218/9839
1029,Obadia Kyetuza Bishoge,homepages/218/4998
1030,Rundao Lu,homepages/218/6591
1031,Tashauna Brown,homepages/218/9120
1032,Denis Teslenko,homepages/218/6231
1033,Zoe Qi,homepages/218/0395
1034,Raul Tello Rato,homepages/218/9329
1035,Francesco Curtaz,homepages/218/4423
1036,Juha Rokka,homepages/218/3373
1037,Zhixian Guo,homepages/218/2138
1038,Pavla Bromová,homepages/218/4391
1039,Yoshimichi Okada,homepages/218/1291
1040,Pandu R. Devarakota,homepages/218/9275
1041,Heechul Bae,homepages/218/3589
1042,Arne Gevaert,homepages/218/0022
1043,Amel Imene Hadj Bouzid,homepages/218/4418
1044,Khalf-Al-Abri,homepages/218/3862
1045,Farzam Janati,homepages/218/4176
1046,James Kapaldo,homepages/218/5569
1047,Pushpender Yadav,homepages/218/1670
1048,Denise Alexander,homepages/218/4287
1049,Fumitaka Kikkawa,homepages/218/4134
1050,Pyung-Jung Song,homepages/218/7731
1051,Wenda Zhou,homepages/218/6092
1052,Yongfu Zhu,homepages/218/7295
1053,Deborah Adkins,homepages/218/4526
1054,Insung Jang,homepages/218/3354
1055,Changha Shin,homepages/218/5487
1056,Eun Chong Baek,homepages/218/3584
1057,Shiyi He,homepages/218/7076
1058,Ingrid Keupers,homepages/218/7066
1059,Krzysztof Bocian,homepages/218/8722
1060,Qihang Yao,homepages/218/1615
1061,J. Wiciak,homepages/218/9409
1062,Shalmali Deshpande,homepages/218/4365
1063,Shail Dave,homepages/218/1094
1064,Z. Rajeyan,homepages/218/9824
1065,Adrián Martínez-Fernández,homepages/218/8144
1066,Xiaoshen Xu,homepages/218/8848
1067,Sharwin Rezagholi,homepages/218/4582
1068,Seong-Hyeop Ahn,homepages/218/1522
1069,Daxin Nie,homepages/218/9951
1070,Vaibhavi Pandit,homepages/218/8710
1071,Rizky Pristian,homepages/218/3642
1072,Yihang Zhang 0004,homepages/218/7476
1073,Karl-Gustaf Löfgren,homepages/218/8235
1074,Jan Jamaszyk,homepages/218/6853
1075,Dong-Sig Han,homepages/218/7109
1076,Markus Bell,homepages/218/1264
1077,Luca Tausel,homepages/218/4108
1078,Noriko Kuwano,homepages/218/8492
1079,Johan Carlsson,homepages/218/0811
1080,ChemsEddine Berbague,homepages/218/2754
1081,Aparecida Santiago,homepages/218/4680
1082,Eddo Rigotti,homepages/218/3683
1083,Javier González-Llinares,homepages/218/6424
1084,Xutong Ren,homepages/218/5950
1085,Mojtaba Ostovari,homepages/218/6296
1086,K. Tousant,homepages/218/3147
1087,Lahsen Boulmane,homepages/218/6749
1088,Rick Nassar,homepages/218/3162
1089,Namal Karunarathna,homepages/218/7639
1090,Carla Gröschel,homepages/218/0692
1091,Koshiro Susuki,homepages/218/4547
